{
  "loss": 0.10120689667953561,
  "top1": 0.9687255668491008,
  "top3": 0.9976544175136826,
  "accuracy": 0.9687255668491008,
  "balanced_accuracy": 0.9666004775240354,
  "precision_macro": 0.966171760331084,
  "recall_macro": 0.9666004775240354,
  "f1_macro": 0.9658804261389803,
  "per_class_accuracy": {
    "A": 1.0,
    "B": 0.9841269841269841,
    "C": 0.90625,
    "D": 0.9666666666666667,
    "E": 0.9482758620689655,
    "F": 0.9545454545454546,
    "G": 0.9310344827586207,
    "H": 1.0,
    "I": 1.0,
    "J": 0.9821428571428571,
    "K": 0.9516129032258065,
    "L": 0.9743589743589743,
    "M": 0.9523809523809523,
    "N": 1.0,
    "O": 0.8809523809523809,
    "P": 0.9210526315789473,
    "Q": 0.9512195121951219,
    "R": 0.9347826086956522,
    "S": 0.9347826086956522,
    "T": 0.9791666666666666,
    "U": 1.0,
    "V": 1.0,
    "W": 1.0,
    "X": 1.0,
    "Y": 0.9782608695652174,
    "Z": 1.0
  },
  "mean_iou_matched_cls": 0.0,
  "AP50": 0.0,
  "AP@50:5:95": 0.0,
  "box_ap_thresholds": [
    0.5,
    0.55,
    0.6000000000000001,
    0.6500000000000001,
    0.7000000000000002,
    0.7500000000000002,
    0.8000000000000003,
    0.8500000000000003,
    0.9000000000000004,
    0.9500000000000004
  ],
  "box_ap_per_threshold": {
    "0.50": 0.0,
    "0.55": 0.0,
    "0.60": 0.0,
    "0.65": 0.0,
    "0.70": 0.0,
    "0.75": 0.0,
    "0.80": 0.0,
    "0.85": 0.0,
    "0.90": 0.0,
    "0.95": 0.0
  },
  "num_box_eval_samples": 1279,
  "class_names": [
    "A",
    "B",
    "C",
    "D",
    "E",
    "F",
    "G",
    "H",
    "I",
    "J",
    "K",
    "L",
    "M",
    "N",
    "O",
    "P",
    "Q",
    "R",
    "S",
    "T",
    "U",
    "V",
    "W",
    "X",
    "Y",
    "Z"
  ],
  "checkpoint": "D:\\PYproject\\SPAD\\checkpoints\\dgcnn_20260426_183404_669391_best.pth",
  "confusion_matrix_path": "D:\\PYproject\\SPAD\\logs\\cm_dgcnn_20260426_185301_942860.png"
}